<?xml version="1.0" encoding="UTF-8"?>
<project-private xmlns="http://www.netbeans.org/ns/project-private/1">
    <editor-bookmarks xmlns="http://www.netbeans.org/ns/editor-bookmarks/1"/>
    <editor-bookmarks xmlns="http://www.netbeans.org/ns/editor-bookmarks/2" lastBookmarkId="0"/>
    <open-files xmlns="http://www.netbeans.org/ns/projectui-open-files/2">
        <group>
            <file>file:/opt/lampp/htdocs/comp4711/application/controllers/admin.php</file>
            <file>file:/opt/lampp/htdocs/comp4711/application/views/admin.php</file>
            <file>file:/opt/lampp/htdocs/comp4711/application/views/_fields/submit.php</file>
            <file>file:/opt/lampp/htdocs/comp4711/application/views/_fields/x_submitted.php</file>
            <file>file:/opt/lampp/htdocs/comp4711/application/views/list2.php</file>
            <file>file:/opt/lampp/htdocs/comp4711/application/views/edit5.php</file>
            <file>file:/opt/lampp/htdocs/comp4711/application/helpers/formfields_helper.php</file>
            <file>file:/opt/lampp/htdocs/comp4711/application/views/listitem2.php</file>
        </group>
    </open-files>
</project-private>
